{
  "monthly_spent": 8.030826750000003,
  "daily_spent": 8.030826750000003,
  "alerts_triggered": [],
  "last_reset": "2025-11-23T00:35:12.688085",
  "monthly_budget": 1000.0
}