{
  "monthly_spent": 17.870626749999992,
  "daily_spent": 17.870626749999992,
  "alerts_triggered": [],
  "last_reset": "2025-11-23T00:35:12.688085",
  "monthly_budget": 1000.0
}