{
  "monthly_spent": 0.023330999999999998,
  "daily_spent": 0.023330999999999998,
  "alerts_triggered": [],
  "last_reset": "2025-11-23T00:35:12.688085",
  "monthly_budget": 1000.0
}